,client_number,company_name,order_number,order_amount,order_date,paid,contact_first_name,contact_last_name,email,phone
0,184.0,Zoomcast,485495,$2096568.72,2/21/2020,0,Ardyce,Stones,astonesz@guardian.co.uk,945-653-1029
1,,Buzzbean,175468,$1607033.03,6/10/2021,1,,,,
2,,Twitternation,6841,$2938905.06,6/2/2021,0,,,,
3,175.0,Topiczoom,335932,$2687554.82,8/17/2021,1,Danyelle,Feldman,dfeldman14@ox.ac.uk,123-941-2908
4,182.0,Youbridge,81726,$2206870.49,12/17/2020,0,Kylen,Daughton,kdaughton22@washington.edu,123-917-7150
5,,Yakijo,938932,$900012.38,1/25/2021,0,,,,
6,,Divavu,857318,$2589224.75,8/5/2020,1,,,,
7,,Skajo,944858,$545984.63,11/3/2021,1,,,,
8,174.0,Topicshots,911461,$512993.44,2/7/2021,0,Ajay,Hamley,ahamley2j@narod.ru,239-907-2012
9,,Kwideo,571862,$2905127.21,2/20/2021,1,,,,
10,,Realbuzz,398230,$896149.13,7/7/2020,1,,,,
11,178.0,Vinder,361120,$1533288.84,11/12/2021,0,Kristien,Heaford,kheaford2n@unicef.org,212-950-2416
12,,Devcast,441546,$684204.84,11/30/2020,0,,,,
13,,Jamia,674503,$1203020.19,3/19/2021,0,,,,
14,154.0,Photofeed,208831,$216396.73,3/2/2020,1,Sharyl,Billany,sbillany27@github.io,315-769-9653
15,105.0,Brainbox,591149,$268598.55,5/12/2020,1,Jodie,Francombe,jfrancombew@google.com.hk,117-975-1987
16,,Abatz,70817,$2399041.79,4/22/2021,0,,,,
17,158.0,Realcube,485942,$1271734.30,9/7/2021,1,Paul,Egan,pegan2i@cafepress.com,809-144-4834
18,,Twimm,1586,$1613750.41,12/31/2021,1,,,,
19,,BlogXS,250712,$1241424.67,7/21/2021,0,,,,
20,,Yoveo,241126,$535564.98,8/24/2020,0,,,,
21,,Midel,59192,$1666373.95,12/8/2021,1,,,,
22,,Janyx,537651,$792387.13,10/25/2020,0,,,,
23,138.0,Kazu,244932,$1494978.55,3/7/2020,0,Stacee,Langford,slangford2o@mozilla.com,474-959-0252
24,,Oyoba,806459,$2987405.59,6/11/2020,0,,,,
25,128.0,Flashpoint,868876,$1614889.70,3/20/2020,1,Dilly,Brampton,dbramptone@edublogs.org,384-394-9208
26,,Kwideo,766313,$647709.82,5/24/2021,0,,,,
27,,Topicware,720616,$235476.34,11/5/2021,1,,,,
28,,Wikizz,978278,$1692282.96,2/24/2022,0,,,,
29,,Thoughtworks,870889,$2158940.17,11/6/2020,1,,,,
30,,Jaxworks,175623,$1047991.30,12/30/2021,0,,,,
31,,Snaptags,202615,$2235972.98,2/10/2021,1,,,,
32,,Yombu,875593,$923100.48,1/11/2022,1,,,,
33,,Skinder,113696,$949982.98,8/26/2020,0,,,,
34,,Shufflebeat,197482,$1810987.37,5/10/2021,1,,,,
35,,Jamia,330765,$1072587.30,3/5/2020,0,,,,
36,,Skinte,469115,$2172618.82,11/18/2020,0,,,,
37,,Brainverse,214202,$2459146.86,12/2/2020,0,,,,
38,,Eayo,650483,$717155.94,10/24/2021,0,,,,
39,,Edgepulse,126118,$1508322.32,8/19/2021,0,,,,
40,135.0,Jayo,332751,$442076.77,9/23/2021,1,Maressa,Pickthall,mpickthall19@tripadvisor.com,951-232-9353
41,,Topiclounge,660147,$2271324.05,9/30/2020,0,,,,
42,,Fanoodle,59260,$832731.86,12/12/2020,0,,,,
43,175.0,Topiczoom,187669,$155825.71,7/7/2021,1,Danyelle,Feldman,dfeldman14@ox.ac.uk,123-941-2908
44,182.0,Youbridge,166733,$2426338.00,4/15/2020,0,Kylen,Daughton,kdaughton22@washington.edu,123-917-7150
45,,Demimbu,179503,$2082571.99,6/15/2020,1,,,,
46,,Kimia,103981,$91321.77,9/23/2021,0,,,,
47,,Zooxo,100899,$2470548.58,4/8/2020,1,,,,
48,,Flipopia,300429,$887852.30,2/9/2022,0,,,,
49,,Wordpedia,89503,$2404898.26,5/2/2021,0,,,,
50,,Skiptube,312881,$1164898.86,7/5/2020,1,,,,
51,,Zoonoodle,593141,$2603153.30,3/12/2022,1,,,,
52,125.0,Feedfish,797597,$1072392.03,9/20/2021,1,Jerri,Husthwaite,jhusthwaite28@omniture.com,541-934-0334
53,,Devcast,806176,$2826322.52,11/14/2021,1,,,,
54,,Fliptune,136572,$386066.99,11/30/2021,0,,,,
55,,Yabox,434549,$895857.09,3/9/2022,0,,,,
56,,Midel,270254,$828832.16,7/4/2020,1,,,,
57,175.0,Topiczoom,75294,$2388413.82,9/14/2020,0,Danyelle,Feldman,dfeldman14@ox.ac.uk,123-941-2908
58,158.0,Realcube,868001,$1138532.86,7/9/2020,0,Paul,Egan,pegan2i@cafepress.com,809-144-4834
59,,Tazzy,696172,$2437870.58,7/7/2021,1,,,,
60,154.0,Photofeed,217649,$12361.46,10/31/2021,1,Sharyl,Billany,sbillany27@github.io,315-769-9653
61,,Skiptube,953366,$263162.28,8/4/2021,0,,,,
62,,Yodo,22772,$2575419.21,4/16/2021,1,,,,
63,,Jetwire,553965,$1026227.21,12/22/2020,0,,,,
64,,Cogidoo,784000,$549907.95,4/15/2020,1,,,,
65,135.0,Jayo,545282,$1294122.42,5/31/2021,1,Maressa,Pickthall,mpickthall19@tripadvisor.com,951-232-9353
66,,Yakitri,365382,$1432700.81,12/7/2021,1,,,,
67,,Linklinks,561112,$789139.95,2/9/2020,0,,,,
68,144.0,Minyx,866956,$2641629.72,1/21/2022,1,Stefania,Drews,sdrews16@weibo.com,763-371-5912
69,118.0,Dynabox,757799,$2747271.65,2/5/2021,0,Paul,Vittori,pvittori2c@psu.edu,348-431-0758
70,163.0,Riffpedia,21251,$372321.08,3/7/2022,0,Nickolas,Lambert,nlambert18@nbcnews.com,538-484-7243
71,,Rhynyx,125413,$899148.54,12/14/2020,0,,,,
72,147.0,Mynte,669194,$1349663.18,5/4/2021,0,Darda,Iacapucci,diacapucci10@nbcnews.com,478-935-9950
73,,Edgeblab,793317,$2572682.13,3/5/2022,1,,,,
74,123.0,Fatz,870725,$2913592.75,8/18/2020,0,Beitris,Jorioz,bjoriozt@dell.com,459-837-8157
75,,Viva,266902,$1217924.55,10/18/2021,1,,,,
76,,Yakijo,779081,$407226.23,1/24/2020,1,,,,
77,,Jetpulse,724223,$2246047.50,6/13/2020,1,,,,
78,,Twinte,239898,$2835113.03,1/4/2021,1,,,,
79,,Devpoint,700290,$327327.50,11/10/2020,1,,,,
80,,Fivechat,387959,$1291823.28,9/11/2021,0,,,,
81,,Dabtype,634495,$1230775.28,2/28/2022,0,,,,
82,,Feedfire,985411,$1832504.10,9/5/2020,1,,,,
83,,Rooxo,742325,$1907024.88,3/3/2021,0,,,,
84,,Photobean,273648,$2233224.15,2/22/2022,1,,,,
85,,Thoughtworks,249677,$500736.08,10/3/2020,1,,,,
86,,Youfeed,830394,$2249603.83,3/6/2020,0,,,,
87,,Skipfire,531572,$2061783.70,4/18/2021,0,,,,
88,,Jabberbean,1248,$2719896.62,5/23/2020,1,,,,
89,170.0,Tagfeed,397775,$1991143.06,1/17/2020,1,Dieter,Satchel,dsatchel8@indiatimes.com,932-555-7149
90,171.0,Tagfeed,397775,$1991143.06,1/17/2020,1,Blakelee,O'Scanlon,boscanlon26@imdb.com,834-491-0107
91,,Zooxo,514355,$983468.06,2/10/2021,0,,,,
92,,Shufflester,394046,$1676175.45,12/19/2020,0,,,,
93,120.0,Eare,46028,$118490.43,2/21/2021,1,Bel,Caughan,bcaughanb@cloudflare.com,230-954-5235
94,139.0,Leenti,633012,$876854.53,12/8/2020,0,Leona,Murricanes,lmurricanes1j@surveymonkey.com,114-571-4885
95,,Divavu,485438,$2404594.27,7/10/2020,0,,,,
96,176.0,Twitterbridge,988423,$1306569.31,1/9/2021,1,Harmonia,O'Hederscoll,hohederscollc@mediafire.com,559-170-2232
97,,DabZ,876962,$2423958.37,11/27/2020,1,,,,
98,,Trupe,583681,$2414203.77,6/17/2020,1,,,,
99,,Fanoodle,668327,$538128.43,3/6/2022,1,,,,
100,,Meezzy,603051,$1903449.82,6/8/2020,1,,,,
101,,Vimbo,15607,$1696137.60,2/26/2020,0,,,,
102,,Tazzy,62162,$634123.92,3/18/2020,1,,,,
103,,Chatterpoint,426843,$2937304.85,2/14/2022,0,,,,
104,,Trilia,483867,$2001330.20,2/24/2022,0,,,,
105,,Twinder,454692,$1066813.59,12/10/2021,1,,,,
106,,Rhynyx,35956,$2165815.61,7/22/2020,0,,,,
107,,Jabbercube,855034,$2889074.89,11/1/2020,1,,,,
108,153.0,Photobug,931067,$2270311.53,12/29/2020,1,Pietra,McDill,pmcdillu@usa.gov,260-861-5130
109,,Zooxo,491128,$2308733.29,9/5/2020,0,,,,
110,,Jaloo,956772,$690100.45,1/21/2022,0,,,,
111,,Twitterbeat,410639,$1723930.47,3/21/2021,1,,,,
112,,Lajo,821390,$2962686.42,1/6/2021,0,,,,
113,183.0,Youtags,350777,$784755.76,4/17/2021,0,Traver,Beckford,tbeckford2f@globo.com,728-840-9195
114,,Fliptune,488556,$1535862.65,9/19/2021,0,,,,
115,,Oyoba,920466,$164386.31,11/8/2020,1,,,,
116,,Realbridge,143885,$894259.38,1/30/2022,1,,,,
117,133.0,Jatri,857034,$146986.50,2/5/2021,1,Winonah,Samson,wsamson9@aboutads.info,339-323-8206
118,134.0,Jatri,857034,$146986.50,2/5/2021,1,Niccolo,Bram,nbramn@unesco.org,768-811-0370
119,,Mydo,782783,$2430157.90,1/4/2020,0,,,,
120,,Tanoodle,30880,$296719.18,1/15/2022,1,,,,
121,,Agimba,485699,$42850.68,10/16/2021,1,,,,
122,,Demimbu,311664,$2365862.91,6/20/2020,1,,,,
123,,Mudo,103746,$2985375.13,5/2/2020,0,,,,
124,119.0,Eadel,140049,$1641044.11,2/2/2021,0,Pearline,Brigham,pbrigham2m@arizona.edu,804-164-3269
125,,Dabjam,959577,$165370.74,2/10/2021,0,,,,
126,,Mudo,133831,$1789257.40,11/10/2020,0,,,,
127,,Innojam,257043,$2218809.51,9/23/2020,1,,,,
128,,Linklinks,285372,$16526.10,1/12/2021,1,,,,
129,,Skajo,885928,$524095.53,8/24/2020,1,,,,
130,,Jaxnation,468779,$2883236.41,11/26/2021,0,,,,
131,,Edgetag,674489,$1084460.27,12/12/2020,0,,,,
132,,Flashspan,783693,$2818490.57,8/13/2021,0,,,,
133,,BlogXS,84963,$1981775.36,3/11/2022,1,,,,
134,109.0,Bubblemix,443969,$2788655.19,2/14/2021,1,Orelle,Rean,orean1p@yale.edu,596-440-3272
135,181.0,Yamia,358379,$1257420.24,9/6/2020,1,Ilario,Keedy,ikeedyk@cbslocal.com,202-879-2583
136,181.0,Yamia,664837,$177657.13,6/7/2021,1,Ilario,Keedy,ikeedyk@cbslocal.com,202-879-2583
137,,Fanoodle,228823,$1731476.45,3/5/2021,0,,,,
138,,Twitterworks,41744,$1512596.52,9/1/2020,0,,,,
139,,Divavu,949093,$917729.37,8/17/2020,0,,,,
140,,Tagcat,967997,$2998636.77,2/7/2020,0,,,,
141,,Feednation,878364,$1682279.57,8/5/2020,1,,,,
142,,Plajo,511236,$2245615.09,11/22/2021,0,,,,
143,,Tagcat,314678,$1137484.13,1/27/2021,1,,,,
144,137.0,Katz,651974,$1438626.42,1/23/2021,1,Duncan,Hanwright,dhanwright20@princeton.edu,702-684-3117
145,,Janyx,675541,$723457.91,6/19/2020,0,,,,
146,,Nlounge,381677,$1825920.13,5/2/2021,1,,,,
147,177.0,Twiyo,324793,$2277831.09,12/8/2020,1,Desdemona,McKeever,dmckeever24@tamu.edu,605-231-5184
148,,Aimbu,423278,$390359.47,3/5/2022,0,,,,
149,,Devify,753360,$2618134.82,7/8/2021,0,,,,
150,119.0,Eadel,719485,$1996551.91,11/23/2020,1,Pearline,Brigham,pbrigham2m@arizona.edu,804-164-3269
151,,Jetwire,732849,$159482.00,7/6/2020,1,,,,
152,130.0,Gabspot,458796,$2098437.51,2/28/2021,1,Abba,Marson,amarson1s@google.cn,796-327-4463
153,177.0,Twiyo,404480,$2798112.08,1/28/2022,1,Desdemona,McKeever,dmckeever24@tamu.edu,605-231-5184
154,,Geba,310913,$2053888.24,4/28/2021,0,,,,
155,,Riffwire,937106,$2467741.77,1/30/2020,0,,,,
156,,Youspan,689390,$538300.18,2/12/2021,1,,,,
157,165.0,Skaboo,442138,$2571688.78,5/7/2021,1,Mord,Cook,mcook1c@vistaprint.com,186-202-8396
158,,Browseblab,738648,$1686958.47,8/28/2020,0,,,,
159,,Skinix,460409,$784627.68,10/11/2021,0,,,,
160,115.0,Demivee,512911,$2155283.28,5/2/2020,0,Adamo,Matuszinski,amatuszinski4@topsy.com,677-300-0857
161,,Eidel,80596,$2519173.00,7/22/2021,0,,,,
162,158.0,Realcube,387499,$2376785.91,4/15/2021,0,Paul,Egan,pegan2i@cafepress.com,809-144-4834
163,,Brightdog,864162,$1341521.99,12/3/2021,1,,,,
164,,Skiba,858273,$698043.96,2/23/2021,0,,,,
165,,Chatterbridge,789874,$1796972.37,4/13/2020,0,,,,
166,,Meedoo,678061,$1571158.17,12/23/2020,0,,,,
167,,Browseblab,380844,$2133462.81,11/18/2020,0,,,,
168,,Quatz,240541,$1387554.72,4/16/2020,0,,,,
169,,Browsezoom,884449,$2325365.17,9/22/2021,1,,,,
170,135.0,Jayo,920553,$732966.20,8/3/2020,1,Maressa,Pickthall,mpickthall19@tripadvisor.com,951-232-9353
171,,Jaxnation,324649,$706551.35,4/6/2021,1,,,,
172,,Voolith,237291,$2605017.56,10/11/2021,0,,,,
173,,Chatterbridge,388352,$1059580.08,4/22/2021,1,,,,
174,115.0,Demivee,17912,$2759532.70,8/7/2021,0,Adamo,Matuszinski,amatuszinski4@topsy.com,677-300-0857
175,,Flashspan,91132,$277801.22,1/15/2022,1,,,,
176,,Tagcat,630992,$1947562.18,3/25/2021,0,,,,
177,,Dabjam,494804,$893637.33,8/3/2021,0,,,,
178,173.0,Thoughtstorm,122970,$2900267.26,7/3/2021,1,Bunni,Breen,bbreeny@go.com,557-916-7439
179,153.0,Photobug,754076,$1740631.07,10/14/2020,1,Pietra,McDill,pmcdillu@usa.gov,260-861-5130
180,,Vinte,309085,$639489.40,4/4/2021,0,,,,
181,,Jamia,967694,$2420843.95,12/23/2021,0,,,,
182,147.0,Mynte,290471,$2485117.08,7/20/2020,1,Darda,Iacapucci,diacapucci10@nbcnews.com,478-935-9950
183,179.0,Voonyx,589718,$1077777.57,5/2/2020,1,Ajay,Wince,awince1h@hugedomains.com,988-925-0054
184,,Skyba,527081,$1856171.11,10/8/2021,1,,,,
185,158.0,Realcube,986356,$2114222.21,3/15/2021,0,Paul,Egan,pegan2i@cafepress.com,809-144-4834
186,,Flipbug,529174,$1320707.58,10/27/2020,0,,,,
187,,Brightbean,884254,$857856.67,11/11/2020,0,,,,
188,,Realfire,454378,$2133179.38,7/23/2020,1,,,,
189,169.0,Skyvu,338596,$242988.59,8/28/2021,0,Rey,Salzen,rsalzen1u@wsj.com,266-555-7358
190,173.0,Thoughtstorm,90841,$421870.20,12/29/2021,0,Bunni,Breen,bbreeny@go.com,557-916-7439
191,,Blogspan,829805,$2977468.85,1/17/2022,0,,,,
192,,Yozio,536101,$613111.47,3/6/2020,0,,,,
193,,Babblestorm,276377,$1085964.09,3/29/2021,0,,,,
194,,Talane,173848,$1478477.56,10/3/2020,1,,,,
195,,Skajo,227133,$2293035.24,4/7/2021,0,,,,
196,,Fiveclub,248106,$933148.44,5/26/2021,0,,,,
197,,Viva,757556,$2940722.01,9/17/2020,0,,,,
198,,Wordpedia,966667,$319951.70,4/13/2020,0,,,,
199,,Izio,340489,$2861840.69,4/21/2021,1,,,,
200,102.0,Avamba,283697,$1910239.29,9/15/2021,0,Deb,Petruszka,dpetruszkas@1und1.de,496-125-6029
201,,Vipe,304910,$1033411.15,2/24/2020,1,,,,
202,,Divavu,169331,$1919073.10,7/21/2021,0,,,,
203,123.0,Fatz,756067,$80918.56,10/21/2021,0,Beitris,Jorioz,bjoriozt@dell.com,459-837-8157
204,,Devify,721011,$113545.04,8/17/2020,1,,,,
205,,Gigashots,295091,$108642.76,1/26/2021,1,,,,
206,,Edgeblab,172616,$2141404.03,11/3/2021,0,,,,
207,,Dabjam,916384,$782703.31,9/9/2020,1,,,,
208,,Tagopia,663638,$93467.05,4/27/2020,0,,,,
209,,Skajo,278725,$304464.86,4/1/2020,0,,,,
210,,Camido,553919,$2469835.56,10/5/2020,1,,,,
211,147.0,Mynte,56576,$516340.79,2/3/2022,0,Darda,Iacapucci,diacapucci10@nbcnews.com,478-935-9950
212,,Talane,130873,$1512345.21,1/10/2022,1,,,,
213,,Divanoodle,379562,$1893324.62,12/31/2020,0,,,,
214,139.0,Leenti,704092,$1952532.03,1/12/2022,0,Leona,Murricanes,lmurricanes1j@surveymonkey.com,114-571-4885
215,105.0,Brainbox,695004,$372557.39,1/24/2021,0,Jodie,Francombe,jfrancombew@google.com.hk,117-975-1987
216,,Shuffletag,529861,$1439871.37,11/16/2021,0,,,,
217,,Voomm,41712,$249824.89,11/28/2021,1,,,,
218,,Mydeo,503203,$1109598.24,12/22/2021,1,,,,
219,,Kayveo,552104,$2707287.59,2/7/2020,0,,,,
220,161.0,Rhyloo,751599,$2668038.91,3/18/2020,0,Sasha,Clewley,sclewley29@mac.com,179-334-7720
221,,Pixope,28107,$383205.91,2/17/2021,0,,,,
222,,Trudeo,543546,$2156900.15,11/18/2020,0,,,,
223,165.0,Skaboo,483467,$2938392.27,6/7/2020,0,Mord,Cook,mcook1c@vistaprint.com,186-202-8396
224,,Trilith,648241,$210857.31,2/1/2022,0,,,,
225,,Quire,634693,$604166.42,10/2/2020,0,,,,
226,,Leexo,291429,$2045910.29,10/12/2020,0,,,,
227,,Fliptune,667954,$2020987.12,3/14/2021,0,,,,
228,,Yozio,425677,$2641030.68,4/18/2020,0,,,,
229,,Thoughtbeat,293534,$2404151.46,11/13/2021,0,,,,
230,174.0,Topicshots,524643,$2551780.58,12/22/2020,0,Ajay,Hamley,ahamley2j@narod.ru,239-907-2012
231,,Vimbo,312440,$1468540.20,5/29/2020,1,,,,
232,,Skinix,177292,$2975650.25,8/27/2020,1,,,,
233,,Quatz,774956,$2713091.93,12/29/2021,0,,,,
234,123.0,Fatz,785263,$2490851.80,1/2/2022,0,Beitris,Jorioz,bjoriozt@dell.com,459-837-8157
235,,Tazzy,199471,$2149006.07,8/18/2020,1,,,,
236,,Feedspan,813723,$2125771.02,7/12/2020,1,,,,
237,,Centimia,721547,$2180065.83,10/23/2021,1,,,,
238,,Dabshots,313110,$817865.55,11/22/2021,0,,,,
239,141.0,Livetube,747912,$2217576.70,12/22/2020,0,Teador,MacPike,tmacpikej@narod.ru,406-711-8877
240,,Mymm,102005,$2156582.12,10/7/2020,1,,,,
241,141.0,Livetube,848896,$36371.17,2/13/2021,1,Teador,MacPike,tmacpikej@narod.ru,406-711-8877
242,160.0,Rhybox,999738,$2339948.27,6/1/2020,1,Margarita,Philippault,mphilippault1z@issuu.com,952-964-5965
243,,Devpulse,625682,$477170.01,12/28/2021,1,,,,
244,,Devpulse,575284,$2705209.67,4/30/2020,1,,,,
245,154.0,Photofeed,503343,$2253158.71,7/13/2020,0,Sharyl,Billany,sbillany27@github.io,315-769-9653
246,,Voolith,629979,$407021.58,2/28/2020,0,,,,
247,131.0,Gabtype,716561,$2852184.42,11/11/2020,0,Briney,Robinet,brobinet2p@google.com,410-515-0856
248,,Trilia,604659,$2203600.34,5/31/2021,1,,,,
249,,Skinder,797343,$134190.77,12/17/2021,0,,,,
250,,Innotype,462467,$2064400.05,6/16/2021,1,,,,
251,,Voomm,547030,$372644.26,5/20/2021,1,,,,
252,,Lajo,417710,$2457565.10,11/30/2021,0,,,,
253,,Trudeo,520954,$2769145.02,5/22/2021,0,,,,
254,,Youspan,939943,$148543.54,1/2/2020,1,,,,
255,,Edgepulse,67059,$537315.03,3/3/2020,0,,,,
256,,Bluejam,36646,$1351418.50,8/5/2021,0,,,,
257,,Skinder,585074,$1669731.44,8/17/2021,1,,,,
258,,Divavu,378968,$2314793.76,1/18/2022,1,,,,
259,147.0,Mynte,274626,$2775175.92,3/9/2022,1,Darda,Iacapucci,diacapucci10@nbcnews.com,478-935-9950
260,166.0,Skalith,701315,$2371086.00,1/21/2022,0,Mandi,Syseland,msyseland12@amazon.com,297-145-1163
261,,Wikizz,945319,$2449739.55,10/9/2021,1,,,,
262,,Quimm,238895,$271053.08,3/3/2022,0,,,,
263,,Yakitri,392528,$1540217.06,2/23/2020,0,,,,
264,,Trudoo,244171,$842630.77,10/25/2021,1,,,,
265,,Camido,943630,$2960754.65,1/8/2022,0,,,,
266,,Jaxspan,52653,$2122016.08,1/11/2022,0,,,,
267,,Zoomdog,955265,$717549.13,7/9/2021,1,,,,
268,,Centizu,146848,$1649141.48,6/25/2021,1,,,,
269,,Cogibox,965833,$1130703.11,2/5/2022,0,,,,
270,153.0,Photobug,730697,$2565270.69,12/22/2021,0,Pietra,McDill,pmcdillu@usa.gov,260-861-5130
271,,Eabox,405393,$2629074.00,8/11/2020,0,,,,
272,,Youspan,88024,$450312.72,7/23/2021,1,,,,
273,,Linktype,963012,$482649.75,3/18/2021,1,,,,
274,137.0,Katz,160143,$1630493.60,2/24/2022,0,Duncan,Hanwright,dhanwright20@princeton.edu,702-684-3117
275,,Eimbee,300847,$452444.58,2/26/2022,1,,,,
276,,Yotz,68229,$1531507.48,5/25/2020,0,,,,
277,,Fanoodle,52770,$2076494.16,2/24/2020,0,,,,
278,,Gigashots,230110,$1964334.01,8/17/2020,0,,,,
279,,Blogpad,637582,$1873422.28,2/27/2020,0,,,,
280,,Wikivu,413681,$2352805.36,9/8/2020,1,,,,
281,,Jabbercube,258889,$1847268.72,1/29/2021,0,,,,
282,151.0,Oozz,776606,$2195569.49,7/5/2021,1,Marje,Weldon,mweldon1t@toplist.cz,771-712-8373
283,,Quimba,592822,$638709.79,9/17/2020,1,,,,
284,,Jaxworks,679974,$359920.93,2/28/2020,0,,,,
285,,Trupe,690173,$2945474.49,7/8/2020,1,,,,
286,,Abatz,413706,$2178756.56,11/26/2020,0,,,,
287,,Topicblab,422305,$1762869.75,4/8/2021,0,,,,
288,,Dabjam,606647,$964349.02,10/25/2021,1,,,,
289,154.0,Photofeed,825031,$763418.03,7/22/2021,1,Sharyl,Billany,sbillany27@github.io,315-769-9653
290,158.0,Realcube,423571,$2840076.95,1/9/2020,0,Paul,Egan,pegan2i@cafepress.com,809-144-4834
291,,Tagchat,248270,$146003.08,3/10/2020,0,,,,
292,118.0,Dynabox,853700,$965377.80,3/16/2021,0,Paul,Vittori,pvittori2c@psu.edu,348-431-0758
293,,Dabjam,449630,$849899.57,8/21/2020,0,,,,
294,,Twimm,785124,$1703753.09,12/15/2021,1,,,,
295,,Zoonder,172640,$970244.29,1/10/2020,0,,,,
296,159.0,Reallinks,685850,$192407.54,11/9/2020,1,Brietta,Hazel,bhazelo@posterous.com,857-540-1539
297,170.0,Tagfeed,405036,$371332.41,7/25/2020,0,Dieter,Satchel,dsatchel8@indiatimes.com,932-555-7149
298,171.0,Tagfeed,405036,$371332.41,7/25/2020,0,Blakelee,O'Scanlon,boscanlon26@imdb.com,834-491-0107
299,160.0,Rhybox,216936,$1465437.30,1/11/2021,1,Margarita,Philippault,mphilippault1z@issuu.com,952-964-5965
300,,Shufflebeat,637050,$2625009.64,12/26/2021,1,,,,
301,147.0,Mynte,503997,$185883.37,2/8/2020,1,Darda,Iacapucci,diacapucci10@nbcnews.com,478-935-9950
302,,Flipopia,485004,$2164030.89,4/10/2021,1,,,,
303,,Skibox,59130,$1478399.84,3/22/2020,0,,,,
304,,Skippad,324952,$2116481.02,6/30/2020,1,,,,
305,,Vitz,704523,$380781.53,8/18/2020,0,,,,
306,,Dynazzy,636741,$792906.07,6/3/2021,1,,,,
307,,Yombu,490189,$2185983.21,12/9/2020,0,,,,
308,,Tagopia,437351,$1708052.16,6/22/2020,0,,,,
309,173.0,Thoughtstorm,718410,$2906707.24,2/17/2021,0,Bunni,Breen,bbreeny@go.com,557-916-7439
310,,Roomm,916238,$2139521.00,8/28/2021,0,,,,
311,,Mymm,872115,$326883.81,1/4/2020,1,,,,
312,,Skimia,910416,$2757205.33,1/19/2022,1,,,,
313,138.0,Kazu,453612,$2493473.11,2/2/2022,0,Stacee,Langford,slangford2o@mozilla.com,474-959-0252
314,158.0,Realcube,646688,$2592668.61,2/21/2020,1,Paul,Egan,pegan2i@cafepress.com,809-144-4834
315,107.0,Browsebug,536985,$723097.99,9/30/2021,1,Tobie,Arran,tarranv@networkadvertising.org,965-262-4990
316,,Voonte,475937,$1770486.59,9/5/2020,1,,,,
317,,Eayo,910424,$1196191.20,12/14/2020,0,,,,
318,156.0,Quinu,14312,$717413.31,12/13/2020,1,Amitie,Wybrew,awybrew1b@feedburner.com,544-522-7384
319,,Ooba,955527,$2729249.34,3/13/2022,1,,,,
320,,Yakijo,684408,$57279.77,7/26/2020,1,,,,
321,,Tagopia,730758,$1937209.58,9/28/2020,0,,,,
322,,Wordtune,898242,$2052952.03,11/8/2021,0,,,,
323,114.0,Dazzlesphere,127760,$1002851.89,9/10/2020,1,Orlan,Pynner,opynner1o@goo.gl,483-724-2511
324,,Fivebridge,223421,$437727.54,5/14/2021,0,,,,
325,,Digitube,926037,$1902034.22,12/30/2020,0,,,,
326,,Flipbug,182697,$2046359.11,10/27/2021,1,,,,
327,,Dynava,93445,$355006.46,6/2/2020,0,,,,
328,,Ailane,410669,$2014798.42,12/28/2021,1,,,,
329,,Trudeo,427349,$2952879.67,5/23/2021,1,,,,
330,,Kwilith,821451,$702889.30,3/31/2020,0,,,,
331,,Viva,244600,$2274528.59,2/16/2021,1,,,,
332,154.0,Photofeed,117430,$2587750.08,3/10/2020,0,Sharyl,Billany,sbillany27@github.io,315-769-9653
333,,Pixope,796824,$948831.44,4/14/2021,1,,,,
334,,Devpoint,206263,$186180.29,2/14/2022,1,,,,
335,,Fivechat,173902,$1031480.12,1/16/2020,0,,,,
336,,Youopia,208710,$2821513.82,5/3/2021,0,,,,
337,,Photolist,546391,$1427129.93,5/30/2020,0,,,,
338,,Devshare,892042,$1500575.41,9/20/2021,1,,,,
339,,Meevee,899178,$1815555.83,8/15/2021,0,,,,
340,,Viva,474955,$2746212.25,9/16/2021,0,,,,
341,,Lazzy,243906,$2305977.49,5/13/2020,1,,,,
342,,Rooxo,761697,$988711.89,2/10/2020,1,,,,
343,,Skippad,276988,$448965.30,8/20/2021,0,,,,
344,,Jabbersphere,493424,$2192166.82,1/15/2021,1,,,,
345,,Twinder,442394,$2277898.22,12/26/2021,0,,,,
346,,Quaxo,720082,$1154545.58,12/29/2020,1,,,,
347,143.0,Meetz,395222,$965276.48,8/31/2020,1,Alphonse,Warboy,awarboyf@cnet.com,882-471-0035
348,,Kwilith,213973,$2740451.88,4/22/2020,0,,,,
349,,Centizu,984610,$259558.37,1/10/2020,0,,,,
350,,Zoombox,585515,$588502.24,12/11/2021,0,,,,
351,,Zava,397879,$160391.11,6/14/2020,1,,,,
352,,Oyoba,284377,$1160137.43,4/21/2021,0,,,,
353,,Oyoyo,370873,$2462778.23,6/13/2020,0,,,,
354,,Photolist,764052,$1540781.37,10/20/2020,1,,,,
355,,Babbleblab,944193,$2323611.57,7/30/2020,0,,,,
356,,Lazzy,823653,$1134241.12,10/15/2020,0,,,,
357,,Twitterworks,658808,$1758626.84,12/19/2020,1,,,,
358,143.0,Meetz,412987,$740083.57,8/22/2021,1,Alphonse,Warboy,awarboyf@cnet.com,882-471-0035
359,,Flashset,608742,$1278243.35,6/1/2021,1,,,,
360,176.0,Twitterbridge,116115,$2903713.38,2/25/2020,0,Harmonia,O'Hederscoll,hohederscollc@mediafire.com,559-170-2232
361,,Divanoodle,76095,$1361404.79,7/24/2020,0,,,,
362,129.0,Flipstorm,820856,$2941165.12,3/27/2021,0,Candace,Pantling,cpantling2@cdbaby.com,923-161-4383
363,126.0,Feedmix,257241,$463411.21,5/9/2020,1,Enos,Marciek,emarciek1g@rediff.com,135-736-9510
364,122.0,Edgewire,340441,$568098.26,1/28/2020,1,Merell,Meake,mmeake2e@npr.org,408-456-6809
365,,Edgetag,687147,$455437.55,4/6/2020,0,,,,
366,,Edgeclub,134533,$2159590.18,12/16/2020,1,,,,
367,,Blogspan,387133,$1521571.41,9/16/2021,1,,,,
368,,Teklist,707832,$2429787.83,11/9/2021,1,,,,
369,,Twitternation,238642,$2705937.39,12/2/2020,1,,,,
370,,Buzzdog,130463,$120901.47,2/19/2020,1,,,,
371,157.0,Realblab,670840,$391983.46,7/6/2020,0,Lilia,Point,lpoint23@constantcontact.com,570-878-0942
372,,Topicblab,23023,$396529.60,9/15/2020,1,,,,
373,,Dabfeed,990747,$2817864.72,6/24/2021,1,,,,
374,149.0,Npath,319507,$2497929.50,5/4/2021,0,Farris,Tulk,ftulk2k@usgs.gov,180-952-1262
375,,Skidoo,232930,$408312.62,6/18/2020,1,,,,
376,183.0,Youtags,825535,$356093.63,10/27/2020,0,Traver,Beckford,tbeckford2f@globo.com,728-840-9195
377,,Linktype,757651,$2816039.17,10/31/2020,1,,,,
378,155.0,Pixoboo,635188,$175774.52,11/1/2021,1,Davine,Trenholme,dtrenholmed@timesonline.co.uk,418-406-9681
379,,Gigazoom,932861,$646704.09,3/1/2022,0,,,,
380,,Thoughtbeat,536565,$277794.45,12/16/2021,0,,,,
381,,Blogtags,918132,$726923.24,5/7/2020,0,,,,
382,,Camido,273610,$1411841.36,3/31/2021,0,,,,
383,,Quimba,32001,$937142.76,3/4/2021,1,,,,
384,,Livepath,721047,$1565693.65,5/4/2020,1,,,,
385,140.0,Linkbuzz,174815,$248371.06,12/27/2020,1,Hersh,Goodrick,hgoodrick1x@gmpg.org,852-867-1555
386,,Cogidoo,700574,$2249775.78,12/25/2020,1,,,,
387,,Twitternation,91642,$2651867.59,5/28/2020,1,,,,
388,,Buzzbean,325020,$1564699.61,10/10/2020,0,,,,
389,159.0,Reallinks,83502,$2990619.56,4/18/2020,0,Brietta,Hazel,bhazelo@posterous.com,857-540-1539
390,,Jabbercube,421569,$1637559.68,5/7/2020,1,,,,
391,,Browsezoom,867824,$741492.19,5/24/2020,0,,,,
392,,Topiclounge,592678,$793637.41,5/27/2021,0,,,,
393,,Yodo,40746,$813630.29,10/11/2021,1,,,,
394,,Wordtune,786350,$2733635.37,12/4/2020,0,,,,
395,,Realbuzz,168300,$1660318.25,4/29/2021,1,,,,
396,,Yakidoo,558361,$2052743.23,7/14/2020,1,,,,
397,,Twimm,132781,$214169.66,3/12/2020,1,,,,
398,,Tagtune,311129,$2327565.10,9/25/2021,0,,,,
399,,Yacero,839939,$981807.73,1/22/2022,0,,,,
400,,Buzzdog,256629,$1503704.01,2/13/2022,0,,,,
401,101.0,Aivee,31677,$2292951.92,10/3/2021,0,Melli,Bartolomeotti,mbartolomeotti25@webs.com,507-785-4101
402,,Bluejam,864213,$427580.16,11/26/2020,0,,,,
403,,Oyonder,547463,$638142.65,4/21/2020,0,,,,
404,,Zoovu,531017,$2464451.60,9/9/2021,1,,,,
405,,Plambee,705440,$2303973.16,5/16/2020,0,,,,
406,,Gabcube,283619,$2129237.93,10/16/2020,1,,,,
407,,Eimbee,289989,$2841314.60,10/14/2021,1,,,,
408,,Oyondu,633142,$901261.94,2/10/2021,0,,,,
409,111.0,Cogilith,253252,$1067082.84,10/20/2020,1,Kellia,Robinson,krobinson1q@adobe.com,637-323-7787
410,,Jetwire,405845,$1177187.73,8/23/2020,0,,,,
411,,Centimia,453779,$2405969.84,12/18/2021,1,,,,
412,,Fivechat,257397,$1715984.74,7/7/2021,1,,,,
413,100.0,Ainyx,745760,$2687625.06,2/12/2021,0,Timmie,Axston,taxston1y@biblegateway.com,167-281-7420
414,,Tazzy,181712,$2929059.86,4/22/2020,1,,,,
415,,Gabtune,718834,$718467.73,6/24/2021,0,,,,
416,,Thoughtmix,676205,$2702008.63,12/13/2020,1,,,,
417,,Jaxnation,439637,$2034257.34,1/20/2022,0,,,,
418,,Viva,86058,$2060186.64,6/5/2020,0,,,,
419,,Kwimbee,555171,$1673816.05,10/24/2021,0,,,,
420,,Rhynoodle,517926,$842192.86,7/27/2021,0,,,,
421,,Skinte,536373,$1850373.61,6/24/2020,0,,,,
422,,Wordpedia,528698,$2829430.70,3/8/2020,1,,,,
423,108.0,Browsecat,971273,$1348330.15,4/30/2021,1,Mikaela,Doddridge,mdoddridgep@tripadvisor.com,272-118-7247
424,,Linktype,323135,$902623.88,5/30/2020,1,,,,
425,123.0,Fatz,182220,$2056705.45,1/5/2022,1,Beitris,Jorioz,bjoriozt@dell.com,459-837-8157
426,,Thoughtblab,40291,$2654763.28,1/24/2022,1,,,,
427,,Aimbo,148048,$875279.39,4/8/2021,0,,,,
428,137.0,Katz,38737,$247075.07,10/19/2020,1,Duncan,Hanwright,dhanwright20@princeton.edu,702-684-3117
429,,Eidel,224691,$640466.43,2/2/2021,1,,,,
430,155.0,Pixoboo,606069,$1266765.96,1/27/2021,0,Davine,Trenholme,dtrenholmed@timesonline.co.uk,418-406-9681
431,,Jabberstorm,819280,$1057572.01,6/21/2020,0,,,,
432,,Meeveo,476407,$1184487.07,4/14/2021,0,,,,
433,,Youfeed,148281,$2382957.41,2/5/2022,1,,,,
434,,Twimbo,540574,$1703861.91,6/30/2020,1,,,,
435,117.0,Divape,889347,$1905930.70,9/28/2021,0,Lorine,Jarry,ljarry21@jiathis.com,300-443-3745
436,,Skinte,893795,$1651132.01,3/3/2022,0,,,,
437,,Shufflebeat,435655,$2801178.28,6/19/2020,0,,,,
438,,Devpoint,858873,$1301195.25,12/3/2020,0,,,,
439,,Realfire,18666,$189621.95,10/22/2021,0,,,,
440,,Edgepulse,541450,$2210680.01,4/14/2020,0,,,,
441,,Mybuzz,187708,$236587.76,9/30/2020,1,,,,
442,,Gigazoom,863447,$965819.74,9/1/2020,1,,,,
443,129.0,Flipstorm,431284,$1181412.61,3/2/2021,1,Candace,Pantling,cpantling2@cdbaby.com,923-161-4383
444,,Quaxo,144064,$448662.61,4/17/2021,0,,,,
445,177.0,Twiyo,822840,$527798.98,8/2/2020,1,Desdemona,McKeever,dmckeever24@tamu.edu,605-231-5184
446,,Wikizz,207999,$2014174.82,4/27/2021,1,,,,
447,,Brainsphere,521075,$2812759.31,7/19/2020,1,,,,
448,135.0,Jayo,957238,$2443983.91,4/19/2020,1,Maressa,Pickthall,mpickthall19@tripadvisor.com,951-232-9353
449,,Tagchat,718627,$729789.75,3/20/2021,1,,,,
450,,Quamba,734455,$1527813.96,11/5/2020,0,,,,
451,,Zoonder,214902,$89615.70,10/23/2020,1,,,,
452,,Tanoodle,707364,$1351299.41,1/3/2022,1,,,,
453,,Blognation,888221,$2108422.02,12/24/2021,0,,,,
454,,Nlounge,7941,$2177702.60,4/2/2020,1,,,,
455,,Eayo,33825,$1579671.67,2/13/2021,1,,,,
456,,Tagopia,501157,$1732143.46,9/20/2021,1,,,,
457,158.0,Realcube,756873,$749616.75,7/8/2020,0,Paul,Egan,pegan2i@cafepress.com,809-144-4834
458,,Wordware,281217,$2288638.69,6/23/2021,1,,,,
459,,Vinte,396514,$1026534.47,4/13/2020,1,,,,
460,,Lazzy,107910,$1811774.48,12/10/2020,0,,,,
461,166.0,Skalith,808039,$602808.21,11/3/2020,1,Mandi,Syseland,msyseland12@amazon.com,297-145-1163
462,148.0,Myworks,352728,$1642302.61,8/2/2020,1,Magda,Slator,mslator15@soup.io,530-531-6130
463,,Kimia,578422,$2565259.73,12/24/2020,0,,,,
464,,Centimia,831603,$2697297.21,12/21/2020,1,,,,
465,140.0,Linkbuzz,586363,$994627.40,9/1/2021,1,Hersh,Goodrick,hgoodrick1x@gmpg.org,852-867-1555
466,,Skipfire,768458,$2745383.96,12/1/2020,1,,,,
467,,Feedfire,655910,$151470.02,1/28/2022,0,,,,
468,106.0,Brainlounge,584281,$203740.09,4/17/2020,1,Dyana,Mingame,dmingame1i@cafepress.com,778-932-5910
469,,Kwimbee,682360,$432143.24,8/27/2021,1,,,,
470,,Voonder,982740,$1889430.78,3/12/2022,0,,,,
471,,Camimbo,136466,$1021276.28,4/26/2020,1,,,,
472,,Dabshots,371427,$1740076.12,1/14/2020,0,,,,
473,,Jabberstorm,826604,$771732.07,11/21/2020,0,,,,
474,,Jamia,319911,$1212432.96,3/8/2022,0,,,,
475,,Trupe,298071,$1673708.14,9/29/2021,1,,,,
476,,Bubbletube,295621,$897070.94,12/3/2020,0,,,,
477,,Quatz,375422,$1798354.49,7/31/2020,0,,,,
478,,Yacero,832706,$57415.15,7/18/2021,0,,,,
479,178.0,Vinder,776439,$2036994.26,8/15/2021,1,Kristien,Heaford,kheaford2n@unicef.org,212-950-2416
480,,Fadeo,327487,$996286.48,1/21/2021,0,,,,
481,,Twitterlist,685077,$2023835.17,11/18/2020,1,,,,
482,,JumpXS,491814,$2807261.77,10/13/2020,1,,,,
483,,Camido,359757,$1058919.99,12/13/2021,1,,,,
484,,Plambee,915083,$1171102.16,9/23/2021,0,,,,
485,,Thoughtmix,912652,$1929966.28,4/21/2020,1,,,,
486,,Bluejam,211580,$274828.95,7/18/2020,1,,,,
487,141.0,Livetube,33103,$1587012.68,2/19/2021,1,Teador,MacPike,tmacpikej@narod.ru,406-711-8877
488,,Oyonder,34506,$1945435.09,5/30/2020,0,,,,
489,139.0,Leenti,617982,$1382737.09,7/1/2020,1,Leona,Murricanes,lmurricanes1j@surveymonkey.com,114-571-4885
490,,Oyoloo,80524,$1247529.85,1/14/2020,0,,,,
491,,Centimia,153897,$742065.95,5/21/2021,1,,,,
492,,Babblestorm,845632,$419469.36,8/1/2020,1,,,,
493,,Ozu,793068,$1205496.26,12/26/2020,0,,,,
494,149.0,Npath,367778,$2535998.85,2/12/2021,0,Farris,Tulk,ftulk2k@usgs.gov,180-952-1262
495,,Oloo,640024,$82975.28,9/3/2021,0,,,,
496,,Twitterwire,597925,$1432742.31,12/24/2020,1,,,,
497,,Oyoba,697346,$1598122.75,12/13/2021,1,,,,
498,138.0,Kazu,619518,$1620663.17,2/7/2021,1,Stacee,Langford,slangford2o@mozilla.com,474-959-0252
499,,Jaxworks,444483,$798169.37,1/12/2020,0,,,,
500,,Realbuzz,911931,$853479.88,1/9/2021,1,,,,
501,,Meeveo,119652,$752515.95,1/29/2022,1,,,,
502,164.0,Roombo,454447,$2920513.57,9/25/2020,1,Rorie,Frissell,rfrissell1e@cnn.com,196-953-7974
503,,Miboo,453982,$87317.36,12/4/2020,0,,,,
504,,Skiba,34634,$2878526.67,1/18/2022,0,,,,
505,,Devpulse,681029,$2659083.12,2/2/2022,0,,,,
506,,Shufflester,928473,$2139029.96,11/14/2021,1,,,,
507,,Fliptune,915869,$250194.39,5/12/2020,1,,,,
508,,Bluezoom,146336,$1750655.17,12/25/2021,0,,,,
509,,Thoughtblab,663672,$2793948.88,1/17/2020,0,,,,
510,,Tagchat,713341,$920726.62,3/9/2021,0,,,,
511,,Ntag,91638,$1886696.33,8/29/2020,0,,,,
512,,Oyoloo,717753,$2448537.01,1/1/2021,0,,,,
513,182.0,Youbridge,962573,$234091.34,2/10/2022,1,Kylen,Daughton,kdaughton22@washington.edu,123-917-7150
514,,Quaxo,388466,$551084.13,8/30/2020,0,,,,
515,131.0,Gabtype,633783,$572346.26,3/4/2020,1,Briney,Robinet,brobinet2p@google.com,410-515-0856
516,,Skibox,949720,$231053.69,4/29/2020,1,,,,
517,,Twitternation,70000,$2909120.31,1/1/2021,1,,,,
518,,Thoughtbeat,191893,$665983.02,7/25/2021,0,,,,
519,182.0,Youbridge,866329,$783171.26,2/28/2021,0,Kylen,Daughton,kdaughton22@washington.edu,123-917-7150
520,157.0,Realblab,301292,$2158767.54,8/12/2020,1,Lilia,Point,lpoint23@constantcontact.com,570-878-0942
521,,Jamia,567011,$2504667.05,12/17/2021,1,,,,
522,,Buzzbean,708903,$2040261.32,4/9/2020,1,,,,
523,103.0,Avaveo,882157,$1997196.87,11/22/2020,0,Dick,Borgnol,dborgnol1m@sbwire.com,229-807-3736
524,,Browseblab,126320,$2494183.43,8/12/2020,1,,,,
525,160.0,Rhybox,411482,$1559168.80,11/17/2021,0,Margarita,Philippault,mphilippault1z@issuu.com,952-964-5965
526,,Yabox,62333,$303827.66,2/24/2022,0,,,,
527,155.0,Pixoboo,309857,$1141800.20,10/29/2021,1,Davine,Trenholme,dtrenholmed@timesonline.co.uk,418-406-9681
528,,Talane,664966,$2234542.67,7/3/2021,0,,,,
529,,Eimbee,689558,$2303771.10,1/24/2021,0,,,,
530,,Leexo,301829,$1512390.36,5/23/2021,0,,,,
531,183.0,Youtags,903845,$287913.23,1/12/2020,1,Traver,Beckford,tbeckford2f@globo.com,728-840-9195
532,,Ntags,969477,$964553.59,7/5/2021,1,,,,
533,149.0,Npath,163778,$2393659.38,5/9/2020,0,Farris,Tulk,ftulk2k@usgs.gov,180-952-1262
534,,Bluejam,325311,$2044053.40,9/30/2020,0,,,,
535,,Eimbee,206627,$2010523.03,3/11/2020,1,,,,
536,170.0,Tagfeed,643514,$2345263.64,3/10/2020,0,Dieter,Satchel,dsatchel8@indiatimes.com,932-555-7149
537,171.0,Tagfeed,643514,$2345263.64,3/10/2020,0,Blakelee,O'Scanlon,boscanlon26@imdb.com,834-491-0107
538,,Twitterbeat,405750,$863141.01,4/11/2020,0,,,,
539,,Gevee,511199,$740672.17,12/15/2020,1,,,,
540,141.0,Livetube,827089,$2599055.11,1/31/2021,0,Teador,MacPike,tmacpikej@narod.ru,406-711-8877
541,,Centimia,884444,$183306.50,2/14/2022,1,,,,
542,,Jazzy,988169,$1685744.97,5/27/2020,0,,,,
543,,Leexo,658054,$267665.45,7/21/2021,0,,,,
544,,Bubbletube,348954,$1243815.88,1/11/2020,1,,,,
545,,Buzzbean,649707,$1262693.41,1/1/2022,1,,,,
546,,Mydo,399901,$2541987.62,5/12/2021,1,,,,
547,,Miboo,435565,$947101.12,9/3/2021,0,,,,
548,,Quire,68335,$548744.52,5/4/2021,0,,,,
549,,Browseblab,47470,$940561.03,8/8/2020,0,,,,
550,164.0,Roombo,184380,$168189.68,5/1/2020,1,Rorie,Frissell,rfrissell1e@cnn.com,196-953-7974
551,,Skinder,160059,$1953451.99,8/15/2020,1,,,,
552,,Jabberbean,148907,$2199277.38,6/5/2020,0,,,,
553,,Janyx,526263,$770864.36,10/13/2020,1,,,,
554,,Blognation,145578,$2448151.77,1/14/2022,1,,,,
555,,Trunyx,456221,$933917.99,2/6/2020,1,,,,
556,,Ntag,280044,$2341483.82,3/10/2021,0,,,,
557,,Yodoo,193846,$2252594.68,2/27/2020,0,,,,
558,,Devshare,420667,$474727.83,4/18/2020,1,,,,
559,,Blogpad,29116,$2321659.07,5/24/2020,1,,,,
560,,Bubblebox,112140,$2677618.25,4/17/2021,1,,,,
561,,Devshare,878704,$650533.09,4/20/2021,0,,,,
562,,Skyble,157434,$2019816.43,12/31/2021,1,,,,
563,112.0,Dablist,884927,$24271.40,7/1/2020,1,Zebulen,Dyett,zdyett2q@wikipedia.org,811-395-4452
564,151.0,Oozz,216205,$356895.76,11/29/2021,0,Marje,Weldon,mweldon1t@toplist.cz,771-712-8373
565,,Zoovu,171859,$2887143.08,10/9/2021,0,,,,
566,,Devshare,779256,$2736647.48,12/16/2020,1,,,,
567,,Quimm,729849,$2639154.06,10/19/2021,1,,,,
568,,Bluezoom,102124,$361264.39,9/13/2020,0,,,,
569,,Yodel,382293,$506177.64,1/2/2021,0,,,,
570,,Skyndu,309356,$286099.72,9/21/2021,1,,,,
571,,Fivebridge,444662,$2413380.05,1/29/2022,0,,,,
572,145.0,Mita,160024,$1587929.17,10/1/2020,1,Kassandra,Marks,kmarks1f@sohu.com,871-613-5484
573,,Digitube,824303,$1427701.08,10/21/2020,0,,,,
574,,Meezzy,451527,$960190.06,6/6/2020,1,,,,
575,,Gigabox,813886,$2851457.68,3/15/2020,1,,,,
576,,Devpoint,170912,$2820339.44,4/17/2021,1,,,,
577,,Trudoo,501852,$657952.90,6/8/2020,0,,,,
578,,Ooba,47784,$1054351.75,12/7/2021,1,,,,
579,,Tavu,563537,$2192291.28,9/9/2021,0,,,,
580,,Shuffledrive,413409,$223469.08,8/14/2020,1,,,,
581,,Oyoloo,756216,$2198852.08,8/21/2021,1,,,,
582,,Flashdog,404235,$813610.66,2/22/2020,1,,,,
583,,Aimbo,758140,$1850738.33,9/28/2020,0,,,,
584,,Yodo,413189,$1022864.14,8/3/2020,1,,,,
585,162.0,Riffpath,702872,$2333758.76,12/3/2020,1,Rayna,Lepere,rlepere2r@webeden.co.uk,640-947-8076
586,,Babbleblab,172756,$1229753.99,7/12/2020,0,,,,
587,103.0,Avaveo,457180,$1950933.42,10/22/2020,1,Dick,Borgnol,dborgnol1m@sbwire.com,229-807-3736
588,164.0,Roombo,581522,$1542849.06,12/18/2021,0,Rorie,Frissell,rfrissell1e@cnn.com,196-953-7974
589,152.0,Oyope,500700,$2696376.31,6/5/2020,1,Jenny,Curle,jcurleg@skype.com,972-466-2426
590,,Gigashots,458753,$948609.27,6/13/2020,0,,,,
591,,Rhynyx,528257,$1589156.89,6/14/2020,1,,,,
592,122.0,Edgewire,458107,$2888839.43,12/18/2021,1,Merell,Meake,mmeake2e@npr.org,408-456-6809
593,,Quamba,952140,$733923.52,2/22/2022,1,,,,
594,,Bubblebox,939746,$2844777.20,12/25/2020,1,,,,
595,,Vitz,420763,$770124.94,6/8/2021,0,,,,
596,,Babblestorm,88780,$1269327.63,8/24/2020,1,,,,
597,,Aimbu,647190,$2377943.64,8/29/2020,1,,,,
598,,Brightbean,466335,$2684589.10,3/4/2020,0,,,,
599,,Mydo,891953,$2317660.54,7/9/2021,0,,,,
600,,Wordpedia,505559,$77157.95,10/8/2020,0,,,,
601,,Vipe,667147,$155642.18,9/27/2021,0,,,,
602,,Realpoint,811588,$1118154.11,6/3/2020,1,,,,
603,,Fliptune,571313,$1375067.82,2/24/2020,0,,,,
604,182.0,Youbridge,970423,$227329.14,3/12/2021,0,Kylen,Daughton,kdaughton22@washington.edu,123-917-7150
605,,Linktype,278226,$834286.28,8/27/2021,1,,,,
606,,Tagcat,248078,$1687014.05,9/30/2021,1,,,,
607,,Thoughtblab,489652,$1953979.98,9/30/2020,0,,,,
608,,Topicware,567074,$1287701.18,1/22/2020,0,,,,
609,,Babbleset,505962,$2448716.50,12/15/2021,1,,,,
610,,Voonte,433852,$1771019.83,9/18/2021,0,,,,
611,,Quire,35400,$556505.76,8/24/2020,0,,,,
612,,Latz,758742,$121470.07,12/29/2021,1,,,,
613,172.0,Tazz,296881,$728700.08,3/2/2021,0,Dom,Cremins,dcremins1k@eepurl.com,825-319-4686
614,,Blognation,13457,$2263606.15,3/11/2021,0,,,,
615,,Muxo,25437,$2955210.62,12/15/2021,0,,,,
616,,Izio,579020,$1160267.50,11/19/2020,0,,,,
617,,Edgepulse,565737,$2727856.77,4/6/2021,0,,,,
618,114.0,Dazzlesphere,264946,$795020.65,7/5/2020,0,Orlan,Pynner,opynner1o@goo.gl,483-724-2511
619,,Vidoo,233805,$2684772.34,10/27/2020,1,,,,
620,121.0,Edgeify,587848,$2651466.62,5/25/2020,1,Katina,Orrocks,korrocks1a@msn.com,583-797-7636
621,,Brightdog,58976,$842422.77,5/11/2020,1,,,,
622,,Zoomzone,252233,$2663394.50,11/29/2020,1,,,,
623,183.0,Youtags,15820,$1307811.20,6/15/2021,0,Traver,Beckford,tbeckford2f@globo.com,728-840-9195
624,,Gigabox,738953,$714724.16,9/29/2020,0,,,,
625,,Topicware,450563,$1487503.27,7/1/2020,1,,,,
626,,Wordify,3652,$1313278.85,8/18/2021,0,,,,
627,,Demimbu,882580,$1982576.09,10/1/2021,0,,,,
628,109.0,Bubblemix,553475,$1298786.51,11/28/2020,0,Orelle,Rean,orean1p@yale.edu,596-440-3272
629,124.0,Feedbug,848507,$1519821.96,1/20/2021,1,Andee,Cramp,acrampa@nymag.com,292-632-7313
630,,Janyx,737998,$2410054.52,1/2/2020,0,,,,
631,,Dynava,223093,$2108665.78,5/12/2021,1,,,,
632,175.0,Topiczoom,504998,$1466760.45,6/1/2020,1,Danyelle,Feldman,dfeldman14@ox.ac.uk,123-941-2908
633,153.0,Photobug,125655,$1661608.85,6/19/2020,1,Pietra,McDill,pmcdillu@usa.gov,260-861-5130
634,,Realpoint,341944,$2064206.09,5/11/2021,0,,,,
635,,Flipopia,2803,$2915937.33,2/26/2020,1,,,,
636,,Yakitri,37401,$810285.42,9/1/2020,1,,,,
637,,Gabtune,154289,$1728673.24,9/27/2021,1,,,,
638,,Tagpad,160421,$943594.56,1/23/2021,0,,,,
639,,Jamia,319975,$1036374.06,7/24/2021,1,,,,
640,,Topdrive,357138,$20399.29,1/11/2022,0,,,,
641,,Flipopia,717790,$1079166.16,12/2/2020,0,,,,
642,132.0,InnoZ,418184,$2616226.16,10/15/2020,0,Nicoline,Milmore,nmilmore7@dell.com,751-803-1026
643,,Feednation,736389,$2353779.24,6/18/2021,0,,,,
644,,Eimbee,218357,$299019.46,2/8/2022,0,,,,
645,,Devcast,718542,$2810990.49,5/1/2021,1,,,,
646,,Trudoo,258955,$682669.27,5/23/2021,1,,,,
647,,Meezzy,776194,$419358.27,10/7/2020,1,,,,
648,,Kimia,127539,$1951085.85,1/20/2020,0,,,,
649,,Ntags,202232,$1304768.94,12/2/2021,0,,,,
650,181.0,Yamia,941316,$1298856.87,2/15/2021,1,Ilario,Keedy,ikeedyk@cbslocal.com,202-879-2583
651,,Trupe,425390,$570803.02,3/25/2021,0,,,,
652,,Aimbu,702754,$2958104.14,5/26/2020,1,,,,
653,,Pixope,703066,$1409405.23,12/10/2020,1,,,,
654,,Aibox,415937,$1909359.99,2/16/2021,0,,,,
655,,Trunyx,546182,$35982.25,2/9/2022,0,,,,
656,167.0,Skilith,984733,$175938.48,3/26/2020,1,Ossie,Moreno,omoreno13@amazon.co.jp,984-712-4921
657,141.0,Livetube,189923,$71626.90,5/14/2020,0,Teador,MacPike,tmacpikej@narod.ru,406-711-8877
658,,Ailane,965558,$1619436.93,3/9/2022,1,,,,
659,,Latz,738298,$770368.33,1/15/2022,1,,,,
660,,Gigabox,570134,$2673311.30,2/16/2020,1,,,,
661,105.0,Brainbox,558829,$2252615.64,10/18/2020,0,Jodie,Francombe,jfrancombew@google.com.hk,117-975-1987
662,,Oyoba,895486,$2123971.93,12/9/2021,0,,,,
663,,Talane,34532,$1817128.49,3/17/2020,1,,,,
664,,Fanoodle,646818,$2533767.18,2/22/2022,1,,,,
665,,Voonder,767658,$801657.34,8/9/2021,1,,,,
666,,Yodoo,654988,$53680.02,11/20/2020,1,,,,
667,153.0,Photobug,514950,$2808399.63,3/7/2020,1,Pietra,McDill,pmcdillu@usa.gov,260-861-5130
668,,Buzzdog,135681,$742837.19,5/9/2020,0,,,,
669,111.0,Cogilith,584959,$562620.23,6/25/2021,1,Kellia,Robinson,krobinson1q@adobe.com,637-323-7787
670,,Photobean,836650,$432435.16,2/24/2022,0,,,,
671,,Camido,467795,$206229.10,8/13/2020,1,,,,
672,,Quire,358906,$1690612.98,3/16/2021,0,,,,
673,,Jabbercube,97043,$2958167.86,1/7/2022,0,,,,
674,121.0,Edgeify,380595,$448714.47,2/24/2020,1,Katina,Orrocks,korrocks1a@msn.com,583-797-7636
675,,Voonder,777525,$983243.35,3/14/2021,0,,,,
676,,Fliptune,254128,$2627144.74,5/9/2021,1,,,,
677,,Jaxnation,791271,$664489.19,11/28/2020,0,,,,
678,161.0,Rhyloo,927189,$610621.02,5/28/2020,0,Sasha,Clewley,sclewley29@mac.com,179-334-7720
679,142.0,Meejo,368528,$278461.57,5/21/2021,0,Abran,Antoniat,aantoniat1w@furl.net,100-915-9177
680,174.0,Topicshots,169365,$479903.47,2/28/2022,0,Ajay,Hamley,ahamley2j@narod.ru,239-907-2012
681,,Muxo,463953,$1818208.33,4/25/2020,1,,,,
682,,Jaxspan,833588,$1851068.17,5/21/2021,1,,,,
683,,Jaxbean,759637,$567512.58,3/19/2020,0,,,,
684,,Bubbletube,167937,$1257013.44,12/10/2020,0,,,,
685,,Twitternation,763152,$159855.11,3/25/2021,1,,,,
686,,Brainverse,31064,$1639705.89,3/27/2020,1,,,,
687,,Feednation,507856,$2855031.10,11/19/2020,0,,,,
688,,Realmix,465485,$2839164.46,3/10/2020,1,,,,
689,,Meedoo,7226,$2746085.98,1/24/2022,1,,,,
690,,Livefish,441168,$2656259.79,8/26/2020,0,,,,
691,,Skyndu,265139,$66912.53,2/15/2020,0,,,,
692,,Skinder,976255,$1161252.34,6/18/2021,0,,,,
693,,Voolith,676854,$1770950.63,9/22/2021,1,,,,
694,,Flipopia,111717,$2237530.23,10/21/2020,1,,,,
695,,Riffwire,400943,$1628739.07,11/21/2021,1,,,,
696,,Oyoba,552753,$2099481.91,9/5/2020,0,,,,
697,,Abatz,174541,$2122919.75,1/1/2020,1,,,,
698,181.0,Yamia,104928,$335600.39,12/3/2020,1,Ilario,Keedy,ikeedyk@cbslocal.com,202-879-2583
699,,Meevee,943954,$2346826.95,12/1/2021,0,,,,
700,,Topicware,311097,$882296.84,3/7/2021,1,,,,
701,,Lajo,970501,$1466890.47,1/1/2021,1,,,,
702,,Digitube,423524,$1089746.31,6/3/2021,0,,,,
703,,Blogtag,523664,$1709125.51,1/4/2021,0,,,,
704,108.0,Browsecat,894961,$346024.28,1/27/2021,1,Mikaela,Doddridge,mdoddridgep@tripadvisor.com,272-118-7247
705,,Thoughtbeat,83689,$890699.75,4/16/2020,0,,,,
706,,Twimbo,503463,$429602.80,2/4/2022,0,,,,
707,,Ooba,453454,$1593355.31,5/1/2020,0,,,,
708,,Jabbersphere,727677,$599294.30,3/26/2021,0,,,,
709,,Yakitri,602134,$525935.38,3/16/2021,1,,,,
710,,Quatz,64241,$2543147.33,1/6/2021,0,,,,
711,,Browseblab,299501,$1454094.04,2/20/2020,0,,,,
712,,Browseblab,16367,$584542.43,10/8/2021,0,,,,
713,,Yakidoo,727186,$2896502.42,3/31/2020,0,,,,
714,,Trunyx,693912,$1946921.28,12/15/2020,0,,,,
715,133.0,Jatri,286775,$2266581.54,5/13/2021,0,Winonah,Samson,wsamson9@aboutads.info,339-323-8206
716,134.0,Jatri,286775,$2266581.54,5/13/2021,0,Niccolo,Bram,nbramn@unesco.org,768-811-0370
717,,Skyndu,392662,$1854209.46,12/27/2021,0,,,,
718,,Meeveo,958049,$185800.73,12/9/2020,1,,,,
719,,Skimia,378631,$177397.42,2/11/2021,1,,,,
720,132.0,InnoZ,252244,$2534252.21,2/29/2020,1,Nicoline,Milmore,nmilmore7@dell.com,751-803-1026
721,161.0,Rhyloo,317266,$1791389.30,12/9/2021,0,Sasha,Clewley,sclewley29@mac.com,179-334-7720
722,151.0,Oozz,44629,$2093208.35,9/30/2021,0,Marje,Weldon,mweldon1t@toplist.cz,771-712-8373
723,,Thoughtbeat,404162,$740276.60,11/30/2020,0,,,,
724,,Quimba,91557,$1055992.93,12/18/2021,0,,,,
725,,Browseblab,471605,$2140966.20,12/28/2020,1,,,,
726,137.0,Katz,240415,$2018602.25,12/18/2020,0,Duncan,Hanwright,dhanwright20@princeton.edu,702-684-3117
727,,Rhycero,101596,$1189194.96,5/24/2021,1,,,,
728,,Devcast,811952,$1149836.64,2/22/2021,0,,,,
729,,Ailane,764136,$1134138.11,8/23/2021,1,,,,
730,,Shufflebeat,597609,$959952.34,3/3/2022,0,,,,
731,,Topicblab,544819,$1732238.04,11/23/2021,0,,,,
732,,Abata,258476,$2357547.30,2/24/2022,0,,,,
733,143.0,Meetz,143949,$551549.30,9/25/2020,0,Alphonse,Warboy,awarboyf@cnet.com,882-471-0035
734,176.0,Twitterbridge,963051,$1392392.65,8/16/2020,0,Harmonia,O'Hederscoll,hohederscollc@mediafire.com,559-170-2232
735,,Meevee,181260,$1804320.26,11/5/2021,1,,,,
736,,Photojam,832967,$1515681.52,10/27/2021,0,,,,
737,,Thoughtblab,51072,$2083630.17,11/29/2021,1,,,,
738,,Viva,783298,$783500.21,8/24/2020,0,,,,
739,,Rhynyx,307227,$2001423.96,2/22/2022,1,,,,
740,137.0,Katz,835058,$1709398.11,3/12/2021,0,Duncan,Hanwright,dhanwright20@princeton.edu,702-684-3117
741,144.0,Minyx,80837,$1629698.72,1/22/2022,1,Stefania,Drews,sdrews16@weibo.com,763-371-5912
742,,Devpoint,574197,$340235.78,1/15/2021,0,,,,
743,,Kwilith,147409,$849362.42,8/12/2020,0,,,,
744,,Gevee,144560,$134806.49,4/13/2021,0,,,,
745,,Skinder,215343,$798523.21,7/28/2020,1,,,,
746,,Browseblab,601529,$564877.92,6/8/2021,1,,,,
747,,Photolist,6576,$1750007.52,6/11/2021,1,,,,
748,123.0,Fatz,598013,$964159.15,12/25/2021,0,Beitris,Jorioz,bjoriozt@dell.com,459-837-8157
749,,Roomm,152927,$2061980.15,5/30/2020,0,,,,
750,,Kimia,293896,$819449.90,3/16/2021,0,,,,
751,,Oodoo,809066,$31797.13,7/13/2020,1,,,,
752,,Quire,556610,$1186467.74,5/26/2021,1,,,,
753,,Cogidoo,962122,$1643505.13,2/21/2022,1,,,,
754,152.0,Oyope,931672,$92225.47,6/26/2020,0,Jenny,Curle,jcurleg@skype.com,972-466-2426
755,,Cogidoo,680186,$1853933.81,3/17/2021,0,,,,
756,,Buzzshare,667191,$1192479.92,6/16/2021,1,,,,
757,,Wikizz,9756,$1354933.97,2/16/2021,0,,,,
758,,Yambee,580908,$1153767.48,4/12/2020,0,,,,
759,,Wikido,243863,$2580642.30,5/1/2021,0,,,,
760,,Voonix,286996,$1057547.05,5/17/2021,1,,,,
761,168.0,Skipstorm,84122,$1071718.04,3/26/2021,1,Dela,Dashkovich,ddashkovichq@mashable.com,606-819-5690
762,,Camido,454959,$1626756.46,2/2/2022,1,,,,
763,,Eamia,298786,$1442432.48,1/11/2022,1,,,,
764,156.0,Quinu,576122,$1064896.36,7/19/2021,0,Amitie,Wybrew,awybrew1b@feedburner.com,544-522-7384
765,,Kayveo,54915,$534468.82,2/17/2020,1,,,,
766,128.0,Flashpoint,719348,$2093887.93,6/11/2021,0,Dilly,Brampton,dbramptone@edublogs.org,384-394-9208
767,,Youspan,167946,$2773046.79,5/7/2020,0,,,,
768,,Photospace,931974,$799911.59,9/24/2020,1,,,,
769,,Devpulse,828036,$680049.76,9/29/2021,0,,,,
770,104.0,Babbleopia,713110,$2497336.89,8/2/2020,0,Bendick,Sawkin,bsawkinr@cbsnews.com,447-459-8541
771,166.0,Skalith,351348,$696534.72,2/9/2020,0,Mandi,Syseland,msyseland12@amazon.com,297-145-1163
772,,Yakijo,457117,$2898197.25,5/6/2020,0,,,,
773,,Divavu,226724,$764965.52,7/8/2021,1,,,,
774,141.0,Livetube,669009,$1096586.96,5/31/2020,1,Teador,MacPike,tmacpikej@narod.ru,406-711-8877
775,,Tagopia,114723,$2363557.88,10/3/2021,1,,,,
776,,Abata,790991,$2981327.46,12/2/2021,1,,,,
777,,Rhynyx,406224,$1146579.06,9/17/2021,1,,,,
778,,Eazzy,223052,$214322.38,8/19/2020,0,,,,
779,,Kimia,452407,$1775616.59,2/18/2022,1,,,,
780,,Camido,959729,$1082331.46,5/10/2020,0,,,,
781,,Zoonoodle,344946,$1638284.16,12/31/2021,1,,,,
782,158.0,Realcube,881477,$2082993.85,9/7/2020,1,Paul,Egan,pegan2i@cafepress.com,809-144-4834
783,,Voolia,380383,$443053.95,3/14/2020,1,,,,
784,,Eabox,306529,$2256797.27,6/3/2021,1,,,,
785,,Quatz,405257,$1803714.40,9/3/2021,0,,,,
786,,Quimm,216466,$278292.60,2/10/2022,0,,,,
787,,Browseblab,103569,$1888993.20,11/19/2020,1,,,,
788,,Devshare,921131,$2106917.95,12/9/2020,0,,,,
789,,Photospace,287795,$2985566.19,5/20/2020,1,,,,
790,,Kwilith,230352,$639930.12,10/4/2020,0,,,,
791,118.0,Dynabox,722978,$2754555.40,2/8/2021,1,Paul,Vittori,pvittori2c@psu.edu,348-431-0758
792,178.0,Vinder,797875,$394275.57,4/27/2021,1,Kristien,Heaford,kheaford2n@unicef.org,212-950-2416
793,,Gigazoom,542915,$2476894.43,10/9/2021,1,,,,
794,,Twitterlist,720718,$424457.77,9/4/2021,0,,,,
795,,Babbleblab,492813,$1177780.31,1/30/2022,1,,,,
796,,Blognation,866776,$833278.54,1/1/2021,0,,,,
797,,Realbuzz,469264,$2684459.51,10/17/2021,0,,,,
798,,Yabox,127152,$511177.02,8/27/2021,0,,,,
799,,Realbridge,786591,$980645.79,5/12/2020,0,,,,
800,,Buzzbean,77052,$2240833.64,1/18/2022,1,,,,
801,,Bubbletube,767626,$1574302.74,1/5/2022,0,,,,
802,,Cogibox,384561,$1702000.13,3/19/2021,1,,,,
803,152.0,Oyope,990555,$1467997.20,3/16/2020,0,Jenny,Curle,jcurleg@skype.com,972-466-2426
804,,Twitterlist,546506,$2918769.84,11/1/2020,1,,,,
805,,Photojam,865305,$2494032.10,6/6/2021,0,,,,
806,,Kayveo,238049,$2485801.90,5/26/2020,0,,,,
807,,Fivechat,193060,$666804.62,11/10/2020,0,,,,
808,,JumpXS,293938,$2878570.62,11/14/2020,1,,,,
809,,Bubblebox,388580,$2412086.15,8/19/2020,1,,,,
810,,Blogpad,367027,$1201360.51,1/12/2022,1,,,,
811,,Devpoint,231500,$166519.60,12/22/2021,0,,,,
812,118.0,Dynabox,854758,$2858310.70,8/27/2021,1,Paul,Vittori,pvittori2c@psu.edu,348-431-0758
813,,Quamba,588176,$90552.19,2/3/2022,0,,,,
814,,Voonder,713458,$1314525.01,2/15/2022,0,,,,
815,,Blogtag,661396,$1092486.49,1/9/2021,1,,,,
816,,Trupe,847369,$1057985.22,2/21/2022,0,,,,
817,141.0,Livetube,936016,$1053142.71,3/13/2021,0,Teador,MacPike,tmacpikej@narod.ru,406-711-8877
818,158.0,Realcube,712802,$953085.43,4/9/2020,0,Paul,Egan,pegan2i@cafepress.com,809-144-4834
819,,Babbleblab,824513,$1823116.04,6/1/2020,0,,,,
820,174.0,Topicshots,416912,$538411.69,9/14/2020,1,Ajay,Hamley,ahamley2j@narod.ru,239-907-2012
821,147.0,Mynte,635130,$188619.44,8/19/2021,1,Darda,Iacapucci,diacapucci10@nbcnews.com,478-935-9950
822,,Oyoba,478675,$163294.00,3/2/2021,1,,,,
823,101.0,Aivee,323134,$2177668.94,11/9/2020,0,Melli,Bartolomeotti,mbartolomeotti25@webs.com,507-785-4101
824,,Innotype,185202,$484539.62,7/3/2020,0,,,,
825,,Einti,796288,$131878.44,8/8/2021,1,,,,
826,,Kayveo,72618,$837566.57,12/27/2021,1,,,,
827,,Gabvine,36596,$1766735.97,11/19/2020,1,,,,
828,,Linklinks,431962,$66926.31,7/14/2020,0,,,,
829,,Gevee,797228,$2008662.67,1/28/2022,0,,,,
830,,Ooba,140112,$178929.66,1/12/2022,1,,,,
831,,Rhynoodle,315543,$1706440.61,6/7/2021,0,,,,
832,,DabZ,681273,$2933159.68,8/12/2020,0,,,,
833,,Tekfly,233107,$306681.21,8/21/2020,1,,,,
834,,Realfire,363662,$2861948.83,3/13/2021,0,,,,
835,,Gigabox,680707,$1980257.90,5/15/2020,0,,,,
836,,Oyonder,430543,$47635.91,2/12/2021,0,,,,
837,179.0,Voonyx,514997,$2077711.46,1/22/2020,0,Ajay,Wince,awince1h@hugedomains.com,988-925-0054
838,178.0,Vinder,689435,$2118186.48,2/3/2021,0,Kristien,Heaford,kheaford2n@unicef.org,212-950-2416
839,,Plambee,170532,$428942.30,10/14/2021,1,,,,
840,,Flashdog,124127,$2586023.12,12/22/2020,0,,,,
841,,Thoughtblab,23061,$1064275.57,9/24/2020,0,,,,
842,135.0,Jayo,98881,$1581921.97,9/2/2021,1,Maressa,Pickthall,mpickthall19@tripadvisor.com,951-232-9353
843,,Jabberstorm,204384,$1384274.36,2/21/2022,1,,,,
844,100.0,Ainyx,836032,$2996088.36,2/9/2022,0,Timmie,Axston,taxston1y@biblegateway.com,167-281-7420
845,,Twinder,673518,$1189772.67,10/27/2021,1,,,,
846,,Flipbug,312239,$337565.23,3/1/2020,0,,,,
847,,Yakidoo,878436,$528956.00,11/13/2020,0,,,,
848,,Vidoo,921158,$2780268.15,4/18/2021,1,,,,
849,,Blogtags,214417,$2974362.78,10/25/2020,1,,,,
850,,Quaxo,793471,$2068179.32,10/20/2020,1,,,,
851,,Gevee,601725,$1576002.12,3/31/2020,0,,,,
852,,Babbleset,493910,$818505.42,2/22/2022,1,,,,
853,,Jaxbean,926691,$2229101.14,12/25/2020,1,,,,
854,,Yacero,887618,$2015763.58,9/29/2021,0,,,,
855,,Camido,346496,$2937531.00,12/20/2021,1,,,,
856,,Vimbo,380939,$699101.99,12/3/2020,0,,,,
857,,Wikizz,286654,$2049259.12,1/13/2021,1,,,,
858,,Edgepulse,746748,$577472.13,5/11/2021,1,,,,
859,,Babblestorm,882526,$2177866.91,4/13/2020,1,,,,
860,,Yakidoo,923851,$568388.27,12/14/2020,1,,,,
861,,Buzzdog,573168,$282912.49,7/10/2021,0,,,,
862,,Meevee,692244,$2254324.56,5/22/2021,0,,,,
863,,Livepath,961152,$2178567.51,2/6/2020,0,,,,
864,,Eidel,857651,$1845525.42,10/21/2020,1,,,,
865,,Flipbug,934052,$686561.48,10/13/2020,0,,,,
866,176.0,Twitterbridge,898439,$371207.98,2/12/2021,1,Harmonia,O'Hederscoll,hohederscollc@mediafire.com,559-170-2232
867,154.0,Photofeed,127169,$2606827.98,2/11/2022,0,Sharyl,Billany,sbillany27@github.io,315-769-9653
868,,Tambee,641751,$2664140.23,3/1/2022,0,,,,
869,,Tagchat,402769,$2040884.93,7/22/2021,1,,,,
870,,Livepath,491026,$18053.47,7/2/2021,0,,,,
871,,Wikizz,58201,$2771066.30,8/16/2020,1,,,,
872,,Twitterworks,41615,$2668325.80,11/11/2020,0,,,,
873,,Topicstorm,113502,$2076470.15,3/1/2022,0,,,,
874,160.0,Rhybox,324511,$1896817.68,2/6/2020,1,Margarita,Philippault,mphilippault1z@issuu.com,952-964-5965
875,,Skinte,189332,$885674.82,3/23/2020,1,,,,
876,,Kwimbee,837764,$1007876.13,2/18/2022,1,,,,
877,,Jabbersphere,859879,$2424145.74,9/15/2020,0,,,,
878,,Leexo,394801,$1999299.48,9/16/2020,1,,,,
879,,Babbleblab,82869,$2204044.08,4/17/2020,1,,,,
880,,Kaymbo,274411,$193828.87,2/21/2021,1,,,,
881,,Wikido,533865,$2857758.46,2/4/2020,1,,,,
882,,Eabox,467673,$2392897.73,5/24/2020,1,,,,
883,147.0,Mynte,782135,$590460.60,8/26/2020,1,Darda,Iacapucci,diacapucci10@nbcnews.com,478-935-9950
884,,Feednation,386174,$273824.03,4/8/2020,0,,,,
885,,Jabbercube,390021,$1215607.39,2/2/2021,0,,,,
886,,Twimm,415555,$744529.20,10/3/2021,1,,,,
887,111.0,Cogilith,262499,$2727268.46,8/10/2020,0,Kellia,Robinson,krobinson1q@adobe.com,637-323-7787
888,109.0,Bubblemix,34314,$2741042.78,10/12/2021,0,Orelle,Rean,orean1p@yale.edu,596-440-3272
889,,Rhynyx,974967,$1382650.14,10/12/2020,0,,,,
890,131.0,Gabtype,139788,$2146475.94,3/12/2020,1,Briney,Robinet,brobinet2p@google.com,410-515-0856
891,126.0,Feedmix,753691,$882901.49,3/22/2021,1,Enos,Marciek,emarciek1g@rediff.com,135-736-9510
892,,Tambee,337715,$784060.18,4/6/2020,1,,,,
893,140.0,Linkbuzz,216135,$1614406.39,1/9/2020,1,Hersh,Goodrick,hgoodrick1x@gmpg.org,852-867-1555
894,,Voolith,800295,$2731028.29,2/9/2022,0,,,,
895,160.0,Rhybox,400093,$251768.63,8/29/2021,1,Margarita,Philippault,mphilippault1z@issuu.com,952-964-5965
896,,Thoughtbeat,219640,$1717592.70,8/9/2020,0,,,,
897,,Voonix,498354,$1882656.92,4/1/2021,0,,,,
898,,Mydeo,284164,$364823.65,11/1/2020,1,,,,
899,179.0,Voonyx,467263,$810201.47,11/1/2021,0,Ajay,Wince,awince1h@hugedomains.com,988-925-0054
900,,Nlounge,698832,$1354315.18,7/26/2020,1,,,,
901,,Edgeclub,125891,$1812398.16,12/13/2021,0,,,,
902,,Innojam,18092,$1055841.43,3/14/2021,1,,,,
903,,Photolist,194996,$2665442.29,2/23/2020,1,,,,
904,,Brightdog,812892,$1033941.19,9/13/2020,1,,,,
905,183.0,Youtags,588438,$46321.92,1/8/2021,1,Traver,Beckford,tbeckford2f@globo.com,728-840-9195
906,,Fiveclub,236906,$1059775.82,11/9/2020,0,,,,
907,,Chatterpoint,67653,$1073880.56,12/1/2021,1,,,,
908,,Oodoo,355226,$2887115.80,7/11/2021,0,,,,
909,,Skyndu,852360,$2128127.57,9/2/2020,1,,,,
910,,Buzzshare,644292,$2646304.41,8/26/2020,1,,,,
911,117.0,Divape,948715,$2842815.72,11/12/2020,1,Lorine,Jarry,ljarry21@jiathis.com,300-443-3745
912,148.0,Myworks,202285,$2215591.19,12/21/2020,1,Magda,Slator,mslator15@soup.io,530-531-6130
913,141.0,Livetube,759256,$2259202.97,6/15/2021,1,Teador,MacPike,tmacpikej@narod.ru,406-711-8877
914,,Blogpad,868199,$2493303.56,4/4/2021,0,,,,
915,112.0,Dablist,379914,$1961971.24,6/8/2020,0,Zebulen,Dyett,zdyett2q@wikipedia.org,811-395-4452
916,,Browsedrive,835223,$1475772.28,4/9/2020,1,,,,
917,,Fiveclub,910345,$2718273.78,8/18/2020,1,,,,
918,,Kazio,157418,$2851389.65,10/15/2021,0,,,,
919,,Jaxbean,114190,$435119.28,10/24/2020,1,,,,
920,,Blognation,638693,$2787566.92,3/31/2021,0,,,,
921,,Yadel,764386,$123585.37,11/2/2020,0,,,,
922,,Skibox,941642,$1292731.65,4/17/2021,1,,,,
923,,Blognation,623563,$1975830.56,11/19/2021,1,,,,
924,139.0,Leenti,710573,$1208241.51,12/1/2021,0,Leona,Murricanes,lmurricanes1j@surveymonkey.com,114-571-4885
925,,Mymm,695918,$2792054.28,9/11/2021,0,,,,
926,147.0,Mynte,105046,$1114708.64,1/9/2020,0,Darda,Iacapucci,diacapucci10@nbcnews.com,478-935-9950
927,167.0,Skilith,832445,$731613.11,6/1/2021,1,Ossie,Moreno,omoreno13@amazon.co.jp,984-712-4921
928,167.0,Skilith,378831,$457205.55,5/8/2020,1,Ossie,Moreno,omoreno13@amazon.co.jp,984-712-4921
929,,Kimia,56703,$2459890.43,12/17/2021,1,,,,
930,,JumpXS,710680,$836102.73,2/10/2020,1,,,,
931,,Miboo,286858,$2143265.30,4/22/2021,0,,,,
932,,Blogtag,128355,$2295838.76,8/14/2021,1,,,,
933,,Jabbersphere,148788,$1599775.64,5/23/2020,1,,,,
934,,Kanoodle,873830,$2424608.76,7/14/2020,1,,,,
935,,Skinte,672709,$2986560.45,1/22/2020,1,,,,
936,114.0,Dazzlesphere,222164,$1495341.38,8/8/2021,0,Orlan,Pynner,opynner1o@goo.gl,483-724-2511
937,,Teklist,928909,$2174816.52,3/18/2021,0,,,,
938,,Eazzy,883006,$377347.29,4/14/2021,1,,,,
939,,Livepath,413165,$1083107.69,4/18/2021,1,,,,
940,,Buzzbean,660059,$1606205.87,11/29/2021,1,,,,
941,127.0,Fivespan,739008,$2624850.53,11/18/2021,1,Cyndie,O'Conor,coconor2a@devhub.com,557-299-9336
942,,Skajo,217385,$1409729.68,5/3/2021,0,,,,
943,102.0,Avamba,198413,$325986.43,6/25/2021,0,Deb,Petruszka,dpetruszkas@1und1.de,496-125-6029
944,,Kwilith,718674,$749588.03,5/18/2020,0,,,,
945,153.0,Photobug,430590,$686585.47,8/27/2020,0,Pietra,McDill,pmcdillu@usa.gov,260-861-5130
946,,Wordtune,109356,$1671782.16,10/21/2021,0,,,,
947,,Vinte,990988,$2752333.86,1/1/2020,0,,,,
948,183.0,Youtags,320325,$336049.70,6/14/2020,1,Traver,Beckford,tbeckford2f@globo.com,728-840-9195
949,,Devshare,233648,$800039.87,11/14/2020,1,,,,
950,,Muxo,254368,$2278878.18,2/3/2022,0,,,,
951,,Midel,990089,$880785.64,3/3/2022,1,,,,
952,,Bluejam,582430,$1384403.39,2/18/2022,1,,,,
953,108.0,Browsecat,275716,$802819.54,11/12/2021,0,Mikaela,Doddridge,mdoddridgep@tripadvisor.com,272-118-7247
954,,Twimbo,377283,$661143.06,5/1/2020,1,,,,
955,184.0,Zoomcast,421137,$982975.79,11/19/2021,1,Ardyce,Stones,astonesz@guardian.co.uk,945-653-1029
956,184.0,Zoomcast,819133,$2460970.09,10/18/2020,0,Ardyce,Stones,astonesz@guardian.co.uk,945-653-1029
957,177.0,Twiyo,265399,$953444.66,11/18/2020,1,Desdemona,McKeever,dmckeever24@tamu.edu,605-231-5184
958,135.0,Jayo,389199,$464216.35,2/27/2020,0,Maressa,Pickthall,mpickthall19@tripadvisor.com,951-232-9353
959,,Skibox,329025,$1479670.85,1/21/2021,0,,,,
960,,Aimbo,721078,$728599.70,4/6/2020,1,,,,
961,140.0,Linkbuzz,602662,$71776.62,9/1/2020,0,Hersh,Goodrick,hgoodrick1x@gmpg.org,852-867-1555
962,,Linktype,727113,$431954.74,2/15/2022,0,,,,
963,,Miboo,754159,$348975.71,3/14/2021,0,,,,
964,,Yozio,47367,$1459293.02,3/24/2021,0,,,,
965,,Rhynyx,785754,$2241158.85,6/1/2021,0,,,,
966,,Twinder,46320,$2649645.88,10/19/2021,0,,,,
967,,Devshare,389229,$342793.76,8/10/2020,1,,,,
968,,Digitube,672411,$2548600.12,1/29/2021,1,,,,
969,156.0,Quinu,38413,$2818681.34,11/2/2021,0,Amitie,Wybrew,awybrew1b@feedburner.com,544-522-7384
970,,Yotz,205845,$2581378.54,2/25/2020,1,,,,
971,137.0,Katz,787510,$508254.97,6/13/2021,1,Duncan,Hanwright,dhanwright20@princeton.edu,702-684-3117
972,,Quimba,768583,$140392.65,8/3/2021,0,,,,
973,118.0,Dynabox,261275,$797655.06,11/30/2020,1,Paul,Vittori,pvittori2c@psu.edu,348-431-0758
974,,Agivu,790979,$1371725.48,4/22/2020,1,,,,
975,,Yata,305197,$805913.35,11/12/2020,1,,,,
976,,Skibox,713512,$586334.51,7/30/2020,1,,,,
977,,Bluejam,666004,$168169.93,9/22/2021,0,,,,
978,,Eimbee,311326,$743169.76,1/30/2022,0,,,,
979,,Skibox,321129,$599099.57,5/27/2021,0,,,,
980,,Kanoodle,287327,$2096187.68,7/11/2020,0,,,,
981,,Pixope,96516,$140426.20,4/21/2021,1,,,,
982,,Jetwire,306841,$2623740.72,11/20/2020,1,,,,
983,,Wordify,96086,$2054006.70,3/8/2020,1,,,,
984,,Divanoodle,402566,$1806187.87,4/22/2020,0,,,,
985,,Blogpad,65783,$2381273.66,11/15/2020,0,,,,
986,,Mydeo,548611,$1775832.32,7/24/2020,0,,,,
987,,Avamm,981663,$1348257.80,3/6/2022,1,,,,
988,,Kamba,726025,$2138318.37,9/8/2020,1,,,,
989,,Browseblab,847377,$2517199.74,4/8/2020,1,,,,
990,130.0,Gabspot,473599,$1221699.83,12/14/2021,0,Abba,Marson,amarson1s@google.cn,796-327-4463
991,,Cogidoo,967807,$939603.15,8/5/2020,1,,,,
992,,Realmix,188012,$1224643.92,6/16/2021,0,,,,
993,170.0,Tagfeed,611236,$720713.85,1/24/2022,1,Dieter,Satchel,dsatchel8@indiatimes.com,932-555-7149
994,171.0,Tagfeed,611236,$720713.85,1/24/2022,1,Blakelee,O'Scanlon,boscanlon26@imdb.com,834-491-0107
995,,Quimba,198348,$2094290.94,2/19/2020,1,,,,
996,,Oyondu,586716,$1129377.65,6/18/2021,0,,,,
997,154.0,Photofeed,451416,$1631407.03,12/23/2020,0,Sharyl,Billany,sbillany27@github.io,315-769-9653
998,,Kwilith,618937,$322180.98,2/5/2020,1,,,,
999,,Shufflester,770540,$875871.68,7/11/2021,1,,,,
1000,,Eazzy,502255,$2256526.69,2/27/2022,0,,,,
1001,,Aimbo,278196,$1188570.45,1/8/2020,0,,,,
1002,108.0,Browsecat,433438,$649818.78,10/22/2021,0,Mikaela,Doddridge,mdoddridgep@tripadvisor.com,272-118-7247
1003,,Tekfly,621140,$1757975.70,5/30/2021,1,,,,
1004,,Topdrive,894092,$2219850.65,9/24/2020,1,,,,
1005,,Gevee,342756,$392200.86,3/7/2022,1,,,,
